Wall time,Step,Value
1572268382.6282015,782,1.5238664150238037
1572268395.237879,1564,1.416375756263733
1572268408.8568387,2346,1.2935349941253662
1572268422.3770893,3128,1.1828478574752808
1572268435.0873744,3910,1.2414265871047974
1572268448.3853574,4692,1.1524834632873535
1572268461.6380236,5474,1.0417250394821167
1572268475.3861837,6256,1.1299482583999634
1572268489.0450158,7038,0.9998934864997864
1572268502.1318257,7820,1.010685682296753
