Wall time,Step,Value
1572270142.7387733,782,1.672209620475769
1572270155.7502282,1564,1.5836644172668457
1572270169.186049,2346,1.3918101787567139
1572270182.386751,3128,1.3484983444213867
1572270197.0954266,3910,1.23712158203125
1572270209.7600634,4692,1.2092618942260742
