Wall time,Step,Value
1572270345.7490625,782,1.6780362129211426
1572270358.7848904,1564,1.4761632680892944
1572270370.9727592,2346,1.384947419166565
1572270384.1830566,3128,1.3633177280426025
1572270397.686153,3910,1.3205006122589111
1572270411.846842,4692,1.291322946548462
1572270424.4590204,5474,1.2060240507125854
1572270437.11107,6256,1.1001992225646973
1572270451.0028362,7038,1.139526128768921
1572270465.2343435,7820,1.0821857452392578
